DOCK8HPV_90,0.12898516102332172,0.03989327674684793
DOCK8HPV_220,-0.14355922783285568,0.028896626915338248
DOCK8HPV_256,-0.15109114384739153,0.032935150181980205
DOCK8HPV_114,-0.16907062747108442,0.0447478828600319
Pave_118,-0.17272387477936577,0.06036875857339975
DOCK8HPV_145,-0.1447822968714444,-0.01902669210650472
DOCK8HPV_229,-0.1638198765286064,-0.03615507220062384
DOCK8HPV_355,-0.16718742855709126,-0.006131355424216673
DOCK8HPV_49,-0.16399855108836653,0.006811748533594449
DOCK8HPV_62,-0.15740170334538053,0.0071387456501031885
Pave_15,-0.17239630710204124,0.004792804168268897
DOCK8HPV_302,-0.17642489815144183,-0.016535699471137436
DOCK8HPV_184,-0.2165316452414598,0.042035984782760424
DOCK8HPV_39,-0.22157641225441554,0.0363648714687587
DOCK8HPV_136,-0.22052778475467505,0.023735333569148292
DOCK8HPV_73,-0.22894153622671104,0.004414460869085089
DOCK8HPV_409,0.22608242117368926,-0.23326530849412574
DOCK8HPV_175,-0.2319263151472084,0.07462597617876943
DOCK8HPV_217,-0.2334403053350126,0.08432942954612685
DOCK8HPV_366,-0.24912243824054606,0.08831442194598785
DOCK8HPV_69,-0.2441625492753564,0.11717268055628254
DOCK8HPV_187,-0.22350478749305552,0.08261124645840585
DOCK8HPV_107,-0.21345453147065002,0.10033776806915636
DOCK8HPV_100,-0.25595023139101486,0.14620701738580472
DOCK8HPV_342,-0.25618389449778756,0.15211748099260014
DOCK8HPV_216,-0.24860767309608048,0.14177968410125488
DOCK8HPV_265,-0.27500650462581144,0.18342839196335287
DOCK8HPV_50,0.218151943253552,-0.22262140721686707
DOCK8HPV_179,-0.22156770661666855,0.06121609876410499
DOCK8HPV_189,-0.2618074342883207,0.13430545151030698
DOCK8HPV_42,-0.23698559407942513,0.10680167062339299
DOCK8HPV_334,-0.23287932815257406,0.1118706022773354
DOCK8HPV_173,-0.3396671501887938,0.24161871402012855
DOCK8HPV_239,-0.24089215328108982,0.05003412557644113
Pave_78,0.19410980131442418,-0.2194061685883399
DOCK8HPV_378,-0.2553971126727136,0.12226935574326103
DOCK8HPV_26,0.2592059623902534,-0.22737809644637208
Pave_443,-0.2696603688455454,0.17348683650026336
DOCK8HPV_120,-0.266483422257953,0.1827380904229549
DOCK8HPV_97,0.177184745928348,0.3200445691814191
DOCK8HPV_29,0.1612971748397362,0.3308796809476718
DOCK8HPV_204,0.14205669519815767,0.3238343978042936
DOCK8HPV_23,0.1505219557234343,0.3210914359866813
DOCK8HPV_34,0.22561291786887175,0.2801882862199282
DOCK8HPV_31,0.16671892107391864,0.3169021946432345
DOCK8HPV_117,0.24804804946208073,0.25614910460099
DOCK8HPV_298,0.25252886018655624,0.24792757686154962
DOCK8HPV_364,0.2358047240706368,0.25428529113817117
DOCK8HPV_127,0.15319723021021633,0.307614600528134
DOCK8HPV_167,0.21420912163691652,0.2883488362535593
DOCK8HPV_47,0.20711988466975328,0.29615635143934077
DOCK8HPV_416,0.21273421861612396,0.2967905414078709
DOCK8HPV_197,0.19793816900107922,0.2722681666814957
DOCK8HPV_270,0.1903646065018044,0.27206122030966534
DOCK8HPV_27,0.2004254917585363,0.2995043305591824
DOCK8HPV_374,0.1868481326011509,0.2876265046586918
DOCK8HPV_143,0.20668039061171325,0.27106572056133466
DOCK8HPV_144,0.1650621609718845,0.3019318863902179
Pave_193,0.23304523971725732,0.2777192039224931
DOCK8HPV_218,0.20068478324004374,0.26456518704142884
DOCK8HPV_46,0.18280305129832225,0.25893631232301756
DOCK8HPV_262,0.17157474818526833,0.2871592655757584
DOCK8HPV_172,0.17530638798123876,0.29795065002292553
DOCK8HPV_412,0.232382755007281,0.26796839411212653
DOCK8HPV_295,0.16414870192242353,0.2949961362601231
DOCK8HPV_206,0.24009308817715966,0.2388287426053653
DOCK8HPV_9,0.2256126172654447,0.24442716308472934
DOCK8HPV_59,0.22598859261901547,0.2351496143528401
DOCK8HPV_75,0.14644991667583654,0.2774138220998389
DOCK8HPV_137,0.13077315029128836,0.31418109081287454
DOCK8HPV_215,0.1604745777439278,0.2636718575120833
DOCK8HPV_255,0.19103326035163687,0.4427658660201336
DOCK8HPV_55,0.19589341220260473,0.24236037930949964
DOCK8HPV_118,0.22059059028426345,0.18405348562448925
DOCK8HPV_245,0.22177658106045026,0.198021543634828
DOCK8HPV_395,0.2428324951071696,0.19734313554238664
DOCK8HPV_196,0.260410285283037,0.20404596045977985
DOCK8HPV_375,0.23238139139216035,0.20203459805264926
DOCK8HPV_369,0.2528203626348897,0.19598953198468322
DOCK8HPV_169,0.2873705120250387,0.20081538572086038
DOCK8HPV_198,0.2891286207459339,0.19509002855099705
DOCK8HPV_281,0.27861961574358207,0.1911726800620384
DOCK8HPV_22,0.2795211456409768,0.1737740321157055
DOCK8HPV_65,0.28937205008629846,0.18060707950484292
DOCK8HPV_393,0.3008922440142311,0.17606284413239986
DOCK8HPV_345,0.25908752892105297,0.17892764417059165
DOCK8HPV_251,0.3005970154994246,0.18394361555673736
DOCK8HPV_109,0.2311616694339823,0.17447595836188476
DOCK8HPV_111,0.23892549614491904,0.17769810870326735
DOCK8HPV_404,0.2639753415612644,0.19727554127251162
DOCK8HPV_219,0.25455024088800726,0.16815982600986723
DOCK8HPV_263,0.2703636712515888,0.17816865271698296
DOCK8HPV_103,0.19507095080024361,0.17302328030134884
DOCK8HPV_96,0.172868259942811,0.19255498462666143
DOCK8HPV_237,0.1871234290269946,0.18755482991832653
DOCK8HPV_178,0.20119653925098197,0.20711637567006433
DOCK8HPV_368,0.2954531040583239,0.1594019435711359
Pave_369,0.18355565331562873,0.11545888019951607
DOCK8HPV_205,0.08971594632035283,0.3038801170268975
DOCK8HPV_227,0.11380145792807238,0.2317337405618999
DOCK8HPV_126,0.30278663733638905,0.11908311515445184
DOCK8HPV_60,0.28061368124155556,0.11368052746417595
DOCK8HPV_306,0.3271199583120017,0.11508595202499654
DOCK8HPV_24,0.27258096813318744,0.09633442969864017
DOCK8HPV_112,0.2509593974489988,0.09403233837591828
DOCK8HPV_152,0.314679702921916,0.08704994433571037
DOCK8HPV_154,0.28614854465605494,0.08169534407221382
DOCK8HPV_266,0.2676989030261614,0.08408247494951107
DOCK8HPV_406,0.2970330370346658,0.09027454928800122
DOCK8HPV_402,0.30231404585526717,0.08366450339410315
Pave_376,0.09862433884928237,0.249111123748013
DOCK8HPV_138,0.1031430689403242,-0.1454780536209643
DOCK8HPV_192,0.2095308937534866,-0.161425057342172
DOCK8HPV_365,0.2287053607089774,-0.16258799705447782
DOCK8HPV_303,0.20756461365927092,-0.1391084638996032
DOCK8HPV_193,0.21696674559655085,-0.1862958643016004
Pave_221,0.23203828394881276,-0.19399554344285683
DOCK8HPV_61,0.20074145052215672,-0.17304291157536023
DOCK8HPV_273,-0.04402805000991913,-0.12064277046754368
DOCK8HPV_153,0.21609507694593935,-0.176081394241198
DOCK8HPV_108,0.2564483523180489,-0.19283009875145427
Pave_84,0.20852398427941024,-0.18334987841121414
Pave_381,0.24070635286475425,-0.1773197166626756
DOCK8HPV_93,0.10171192927862517,0.1210265567505514
DOCK8HPV_16,-0.06975366164460237,0.1149600235786225
DOCK8HPV_232,-0.023155162769191523,0.10959289982754132
DOCK8HPV_399,-0.006593460391621658,0.09758537039564755
DOCK8HPV_53,-0.039701638297987965,0.1276799649907427
DOCK8HPV_67,-0.05890569531258094,0.0931615713533085
DOCK8HPV_301,-0.06861100033270477,0.09776187530669707
DOCK8HPV_142,-0.10460424287368836,0.12913325072020687
DOCK8HPV_252,-0.06405299439999818,0.12475278994624142
DOCK8HPV_326,-0.04929609135235345,0.11553792590934324
Pave_367,-0.09813782482437514,0.1189356030590219
DOCK8HPV_14,0.035375613174654374,0.09747303078101896
DOCK8HPV_15,-0.1196450021802377,0.12123442018098439
Pave_385,-0.09191924807604746,0.09100372139557696
DOCK8HPV_32,0.06895190678224565,0.09413935999960447
DOCK8HPV_210,0.08819755594238625,0.10326181256528302
DOCK8HPV_391,-0.020128180954313034,0.08922430001588545
DOCK8HPV_282,-0.04586815960575785,0.07393324925695681
DOCK8HPV_316,0.10760723906831281,0.0940128750394276
Pave_181,0.07826723708902585,0.1285699199573052
DOCK8HPV_113,0.05514640723790435,0.15388096658367095
DOCK8HPV_124,0.033259545173106864,0.1550555012140943
DOCK8HPV_241,0.03967242970442293,0.16521511152572288
DOCK8HPV_250,-0.06313873139262693,0.19833159213727464
DOCK8HPV_222,-0.03000199229776235,0.18893089871739402
DOCK8HPV_373,-0.03535523378510876,0.17681661790937986
DOCK8HPV_209,-0.03569317637588452,0.2084537440659776
DOCK8HPV_261,0.013328264831800237,0.14331444901532178
DOCK8HPV_343,0.017888831326700334,0.1558818528134997
DOCK8HPV_258,0.005349041935317343,0.18903512643149906
DOCK8HPV_200,-0.0024607661628349006,0.16852017543732964
DOCK8HPV_411,0.001358951146692621,0.14334983171539256
DOCK8HPV_87,0.004239598023522195,0.2005986128916694
DOCK8HPV_315,0.0073651642528971455,0.16489320444501274
DOCK8HPV_289,0.07179612663933052,0.183086187426767
DOCK8HPV_176,0.02372222070398792,0.22398782950899257
DOCK8HPV_92,0.027186042480870445,0.21862073251292388
DOCK8HPV_79,0.0601245690155783,0.2303308390993719
Pave_71,0.05120478700628303,0.2309783898078538
DOCK8HPV_410,0.06202857333236299,0.19877982837932032
DOCK8HPV_236,-0.08053411502116067,0.1559972125701178
DOCK8HPV_377,-0.09179569399101128,0.16297460765476882
DOCK8HPV_260,0.029311867598774723,0.11520968567015887
DOCK8HPV_58,0.03837493493491509,0.12497169737426929
DOCK8HPV_128,-0.10541916197140731,0.1813912918800498
DOCK8HPV_280,-0.17014925799402988,0.19301016663125634
DOCK8HPV_134,-0.12445271995516827,0.18715793468975614
DOCK8HPV_322,-0.07692279836474301,0.19209338865976888
DOCK8HPV_150,-0.231235160655188,0.2541843409336937
DOCK8HPV_271,-0.08250392898745718,0.1810422107215748
DOCK8HPV_37,-0.0970889150535577,0.22240356175492798
DOCK8HPV_162,-0.1689910737833214,0.16702223551515308
DOCK8HPV_304,-0.15608962290707315,0.15280355410072358
Pave_223,-0.18041990714421308,0.1732522383175261
Pave_386,-0.14484450611789915,0.16537227507651514
DOCK8HPV_201,-0.17744633452058278,0.20279286449431413
DOCK8HPV_225,-0.2404484743187895,0.2502456498063651
DOCK8HPV_233,-0.14551594445820906,0.19459111967700823
DOCK8HPV_66,0.028534352652334755,-0.053632502782860775
DOCK8HPV_238,0.0358290966855317,-0.0419696454588771
DOCK8HPV_385,0.0450578614922607,-0.0384237834405473
DOCK8HPV_123,0.08647046668668508,-0.021449917001954436
Pave_138,0.046762399936540626,-0.06811712393904483
DOCK8HPV_94,0.059092110273363856,0.010478177497209142
DOCK8HPV_405,0.07704930139076022,0.02177631860949317
DOCK8HPV_78,0.049949827908334035,8.799567212325207e-05
Pave_137,0.062477472892455636,0.02295367150191605
DOCK8HPV_165,0.02551686924057948,0.000680875566652819
DOCK8HPV_226,-0.09534149261913627,0.01143709640836138
DOCK8HPV_386,-0.05545851454437481,0.026028826388379826
DOCK8HPV_99,0.07832465829905454,0.04091549876655851
DOCK8HPV_147,0.045563022616536275,0.0358954232041394
DOCK8HPV_88,-0.10512836985880389,-0.0828922206020611
DOCK8HPV_11,-0.06324965828435633,-0.02953826102301023
DOCK8HPV_348,-0.027227430288758507,-0.014297893499400686
DOCK8HPV_13,-0.039201275321491785,-0.02022910060392804
DOCK8HPV_299,-0.028994689010230223,-0.025339121569885707
DOCK8HPV_231,0.004692969248453539,0.010770331568008946
DOCK8HPV_195,-0.038740822776384035,0.003031913285510694
DOCK8HPV_36,-0.03158373075020058,-0.0022334642462582296
DOCK8HPV_358,-0.0428194596057616,0.003607167402399022
DOCK8HPV_141,-0.0688617471899041,-0.02550731947674266
DOCK8HPV_190,-0.06383702044902366,-0.06476128319198542
DOCK8HPV_340,-0.10493091619186332,-0.10052533863070602
DOCK8HPV_157,-0.04718497731559816,-0.04150280078413337
DOCK8HPV_394,-0.05743690963042026,-0.04650066622682787
DOCK8HPV_325,-0.05368030810725818,-0.06598955805483668
DOCK8HPV_21,-0.0673043653528246,0.00017776189293869943
DOCK8HPV_300,0.10066777413373718,0.047279978580351475
DOCK8HPV_311,-0.025943985716636885,-0.05038313711966037
DOCK8HPV_161,-0.016780167254147403,-0.052840660034712376
DOCK8HPV_389,0.015907550151661932,-0.026679678158263064
DOCK8HPV_361,-0.03938663225002368,-0.06525092818639605
DOCK8HPV_228,0.09794561869338951,-0.001426855599732705
Pave_442,0.11384451829871962,0.01668044941217432
SMGC_6683,0.11554444038134276,0.003453852975579972
DOCK8HPV_7,-0.08149833888660904,-0.08399337273713704
DOCK8HPV_359,-0.11238813982880563,-0.05401201928021999
DOCK8HPV_403,-0.1100792033931897,-0.05156459400042121
DOCK8HPV_244,0.1095386980420516,-0.10495137675753363
DOCK8HPV_230,0.15848010831162673,-0.11009930576380793
SMGC_4325,0.15665575217011146,-0.11365761641693611
Pave_68,0.1474868428794941,-0.1192775279086828
DOCK8HPV_360,0.15120172876575172,-0.1061260416704007
DOCK8HPV_180,0.13560105471932538,-0.10437333748961117
DOCK8HPV_248,0.163790222037851,-0.0933986720411388
DOCK8HPV_350,0.13111406136028833,-0.0810353609040147
DOCK8HPV_181,0.13219199991318104,-0.0935078017994335
Pave_95,0.15426889362294377,-0.08529436324534236
SMGC_5180,-0.3149447686483425,0.2970707185259018
DOCK8HPV_267,0.18474700661615223,-0.11277105632977333
SMGC_5765,0.31671822937942884,-0.21916487710464685
DOCK8HPV_110,0.1196407179985107,-0.06515011113511668
Pave_207,0.12924348297807717,-0.05413910995058979
DOCK8HPV_284,0.07736364713905405,-0.0990474599780738
DOCK8HPV_312,0.07984388822518704,-0.10453484739786097
DOCK8HPV_182,0.11594834778269211,-0.12172998076477443
DOCK8HPV_54,0.1566274079314,-0.14050299628844057
DOCK8HPV_332,0.09058516774606803,-0.08831705354201959
DOCK8HPV_89,0.08663583584483252,-0.1179954701887644
DOCK8HPV_415,0.09937108453087916,-0.12006459897358256
DOCK8HPV_381,0.14539477315885718,-0.0667164827793704
Pave_398,0.11565075554240321,-0.0847684066683232
DOCK8HPV_85,0.1447887182445012,-0.1464792930385601
DOCK8HPV_313,0.17084606874589,-0.15283363548010842
DOCK8HPV_353,0.15568983880955892,-0.052618010361569635
DOCK8HPV_319,0.16039675905849413,-0.06614855956511291
Pave_220,-0.16279650459380163,-0.05758176568574772
DOCK8HPV_166,-0.000783093235590182,-0.08311467920362679
Pave_154,-0.10985229368929643,-0.021344494631094554
Pave_140,-0.30791043185840283,0.15448910256351348
Pave_159,-0.29977168420714173,0.10806506803670031
Pave_374,-0.30174311059281944,0.11787763530318966
Pave_377,-0.2992412177423798,0.09391772999338657
Pave_375,0.22825870081664573,-0.28393317999118
DOCK8HPV_400,0.2349112780209882,-0.2708687476746839
DOCK8HPV_10,0.2009075657576417,0.052488616106878896
DOCK8HPV_104,0.21474250710184825,0.054948776117221904
DOCK8HPV_72,0.23634874145271367,0.027508826601748554
DOCK8HPV_81,0.22713732668855302,0.020688645905726985
DOCK8HPV_64,0.31265498366654537,-0.022663465975769067
DOCK8HPV_74,0.1837569726032587,0.050161565721122965
DOCK8HPV_362,0.21018097527578217,0.027359407526144703
DOCK8HPV_279,0.27190320585376904,0.015303618835283427
Pave_217,0.26436658688805287,0.018899673557351997
DOCK8HPV_203,0.2498556289037586,0.017292816720512957
DOCK8HPV_159,0.26038689210076543,0.004238298676774379
DOCK8HPV_305,0.29087857390487337,0.011054961560577985
DOCK8HPV_397,0.2797416029097994,0.0014415210004177258
DOCK8HPV_321,0.2507318612720356,0.030780062500120744
DOCK8HPV_213,0.21824502395512776,0.04728678390986622
DOCK8HPV_8,0.3424412402288238,-0.001173098383797807
DOCK8HPV_354,0.3566055901165701,-0.030149607731198246
DOCK8HPV_259,0.2993287775182011,-0.14696382142371048
SMGC_4632,0.3216155833215271,-0.10033073261947448
DOCK8HPV_221,0.3368291174297882,-0.07574170116057043
DOCK8HPV_413,0.30662732910958534,-0.16402531451127575
DOCK8HPV_158,0.31691529602847207,0.011803974809887263
DOCK8HPV_170,0.31150429336056223,0.02551705698330497
DOCK8HPV_40,0.32681162950746373,0.024637576470564877
DOCK8HPV_339,0.33413098675678077,0.027664606277364424
DOCK8HPV_185,0.3264590962153763,0.042234627243971375
DOCK8HPV_131,0.36431893582121994,0.025726708121513172
DOCK8HPV_51,0.3092714472057838,0.043232948495078215
DOCK8HPV_52,0.06714862366597805,0.28189448168055603
DOCK8HPV_297,-0.1928975706949934,0.24380853586284484
DOCK8HPV_372,0.15804772592685362,0.14709866310402755
Pave_139,0.3454754547756209,-0.006847932335518278
Pave_219,0.05978868666724683,0.27713604659418845
DOCK8HPV_294,-0.200815437593161,0.2031632807681681
DOCK8HPV_211,-0.21191956018527688,0.2107759000769476
DOCK8HPV_335,0.33818547809077887,-0.13299049647967157
DOCK8HPV_25,0.32645708476894536,-0.13920463615232506
DOCK8HPV_308,0.30199967526563387,-0.1260511564829312
DOCK8HPV_63,0.32431420240106335,-0.03612549530410692
DOCK8HPV_380,0.3340059199593141,-0.03218953859315661
DOCK8HPV_139,0.29406585743953556,-0.08026495643533535
DOCK8HPV_57,0.28448998775403467,-0.09392536291729153
DOCK8HPV_84,0.2897423810196921,-0.10047868337646147
Pave_394,0.3086805244641827,-0.09991826112363357
DOCK8HPV_283,0.29045012512458035,-0.09059360398571381
Pave_76,0.2835762717657127,-0.08486693674094375
DOCK8HPV_199,0.27738681880511673,-0.10031578307112135
DOCK8HPV_194,0.29660150451541345,-0.11361649353376838
DOCK8HPV_121,0.3458770871296673,-0.10513641578604897
DOCK8HPV_146,0.27825939627104707,-0.11338692064924016
DOCK8HPV_41,0.2425073306983656,-0.0685448525767407
DOCK8HPV_387,0.2547687146773744,-0.07594611223917365
DOCK8HPV_105,0.23449562957866554,-0.05704932998897198
DOCK8HPV_214,0.2890143870056242,-0.04945895846451462
Pave_189,0.2828553025794513,-0.04887225938535681
DOCK8HPV_286,0.26409194915734774,-0.054331971194009086
DOCK8HPV_288,0.24707269813579708,-0.03653913835432648
DOCK8HPV_6,0.2619982455205264,-0.04576299912181423
DOCK8HPV_86,0.2753339959477006,-0.03259165939663355
DOCK8HPV_56,0.306725921214746,-0.06459821399637401
DOCK8HPV_101,-0.1305632140936729,0.3196019208865004
DOCK8HPV_33,-0.12001745926845488,0.3084539377780542
Pave_395,-0.1513153925684829,0.32011006752272386
DOCK8HPV_186,-0.14898666474768765,0.3025660445956954
DOCK8HPV_390,-0.11628197878798996,0.2769016145862665
DOCK8HPV_106,-0.14267948186811288,0.28522234293485804
DOCK8HPV_43,-0.13290939833055707,0.29410618224767254
DOCK8HPV_5,-0.10470827246606072,0.2749045695598624
DOCK8HPV_115,-0.13200858797607085,0.25463764687017887
DOCK8HPV_130,-0.14820092952111927,0.2522038554111716
DOCK8HPV_98,-0.10255082422627046,0.30029691710479195
DOCK8HPV_309,-0.10401569260482746,0.2919354845948147
DOCK8HPV_160,-0.09861743323857779,0.3160807464702302
DOCK8HPV_323,-0.13750632555504186,0.3067712075638853
DOCK8HPV_19,-0.11290484610684756,0.31046102763830424
Pave_388,-0.16821663713414228,0.268029848369183
DOCK8HPV_38,-0.16476839924632508,0.29041127988927834
DOCK8HPV_253,-0.17007339138798855,0.2796261061987097
Pave_89,-0.1567738581924535,0.2702241388854286
DOCK8HPV_379,-0.12131013350695673,0.32832942849291163
DOCK8HPV_296,0.28319076369598034,-0.15284084253463806
DOCK8HPV_102,-0.00565563770474097,0.33778495583579865
DOCK8HPV_76,-0.00667225350571397,0.31748042566330936
DOCK8HPV_71,-0.06042112670952431,0.3345740886216349
Pave_380,-0.04773752423428556,0.3415060314779812
DOCK8HPV_234,-0.010627858001135193,0.3506296304423443
DOCK8HPV_202,-0.02057980969295417,0.35056751405832703
DOCK8HPV_77,-0.019657616657377665,0.3458240808526997
DOCK8HPV_116,-0.046317990667293744,0.32782059684242176
DOCK8HPV_20,-0.04788958366322301,0.3174660826151849
DOCK8HPV_125,-0.032661690664364064,0.29966045024671084
DOCK8HPV_70,-0.0715714894706013,0.3467387834704014
DOCK8HPV_257,-0.07020533701499403,0.3316686621264944
DOCK8HPV_247,-0.019977291171863764,0.31116805332333547
DOCK8HPV_156,-0.06434496275592047,0.31634154006093057
DOCK8HPV_12,-0.05876633672553763,0.2858960380126892
DOCK8HPV_254,0.022816360060709685,0.32129770309288164
DOCK8HPV_269,0.021109970107024204,0.3102156278890229
DOCK8HPV_140,0.015525353332001696,0.3247828112247514
DOCK8HPV_398,0.014621680743995412,0.3117095984436883
DOCK8HPV_293,-0.013259070053835052,0.279915747981468
DOCK8HPV_242,-0.002578902923317584,0.2923521048234409
DOCK8HPV_82,-0.01742600190960671,0.29206497644243656
Pave_141,-0.023437746793922718,0.32179402006716895
DOCK8HPV_80,-0.04031842070245549,0.2868629820971568
DOCK8HPV_133,0.08873369261710211,0.2461863491981201
DOCK8HPV_320,-0.028845681040208886,0.348302963224319
Pave_69,0.28908573149463446,0.13083938405280773
DOCK8HPV_183,0.036678755992600204,0.3192939048850571
DOCK8HPV_35,0.33761419400305415,0.08609329390467162
DOCK8HPV_224,-0.19872194073069846,0.30535843952310576
DOCK8HPV_328,-0.19414807530761696,0.2828250117047945
DOCK8HPV_191,-0.21007562906318292,0.26155354197945074
DOCK8HPV_408,0.33814360331976,0.09879264744042342
DOCK8HPV_91,0.14156582930398795,-0.3094505863092379
Pave_105,0.14073148136760308,-0.3134294374177336
DOCK8HPV_122,0.1352123235090166,-0.30755643433485297
Pave_373,0.13555171393357027,-0.32281609786860055
DOCK8HPV_287,-0.049779564493981514,-0.31558849771538755
DOCK8HPV_371,-0.06246600926046749,-0.31506798153607285
DOCK8HPV_396,-0.062053111771200924,-0.3330342050902304
DOCK8HPV_243,-0.10693496639717778,-0.22900036154580994
DOCK8HPV_341,-0.026479755532463387,-0.2966520509743893
DOCK8HPV_275,-0.019989502635163036,-0.2587898123835513
Pave_362,-0.0836266608250939,-0.21856102346756603
Pave_28,-0.12234059634317455,-0.27103816058750024
DOCK8HPV_18,-0.050806808370532405,-0.3456183093825823
DOCK8HPV_249,-0.05748082246313917,-0.34157278706929706
DOCK8HPV_246,-0.09582659931834117,-0.3143227874956562
DOCK8HPV_331,-0.0996949608368527,-0.3054693522218831
Pave_405,-0.08186688543878946,-0.32830427080013513
DOCK8HPV_314,-0.07081172301202403,-0.3463807237866606
DOCK8HPV_352,-0.11219290872769282,-0.3058511757680638
DOCK8HPV_382,-0.11436690264335508,-0.29318445159778755
DOCK8HPV_407,-0.08944917400294872,-0.3062511647750599
DOCK8HPV_384,-0.10226450787018972,-0.2626035015731787
DOCK8HPV_68,-0.06877992280099843,-0.2511024511926332
DOCK8HPV_292,-0.0771924640876781,-0.25912740559371095
DOCK8HPV_383,-0.06486401773457494,-0.26089589554653
DOCK8HPV_414,-0.07541943056086944,-0.26626355739329843
DOCK8HPV_268,-0.08363799169644684,-0.2758670714122885
DOCK8HPV_48,-0.08376535945999662,-0.26222126830403236
DOCK8HPV_277,-0.09355758886768474,-0.2569010283617307
DOCK8HPV_344,-0.031390902720475615,-0.353262096566228
Pave_351,-0.04360961019903425,-0.31064047472250833
Pave_410,-0.04586970855575641,-0.3046897982264029
DOCK8HPV_4,-0.0577550527094447,-0.2678182380811431
DOCK8HPV_1,-0.08230121566575667,-0.24317572981605912
DOCK8HPV_356,0.0018000490664983962,-0.3917584890609677
DOCK8HPV_347,-0.06412824193179176,-0.23929414181264172
DOCK8HPV_3,-0.04861793487630279,-0.26622026259277004
DOCK8HPV_330,-0.04217111060714283,-0.24057728599418132
DOCK8HPV_327,-0.042099256271948785,-0.2834279291169095
DOCK8HPV_45,-0.0470887598121079,-0.2808550161467193
DOCK8HPV_119,-0.04605620465721618,-0.24725374172013842
Pave_51,-0.04729433283756677,-0.24050182739966885
DOCK8HPV_30,-0.03839098936615182,-0.3295200592685784
DOCK8HPV_207,-0.04243813503392949,-0.22858332381228574
DOCK8HPV_44,-0.09306599126285632,-0.24331240632434226
DOCK8HPV_388,-0.027845200766965218,-0.3213004811909068
DOCK8HPV_307,-0.03337803222984807,-0.2632866716348211
DOCK8HPV_163,-0.005621145201825022,-0.27929954308273486
Pave_149,0.11747814861035047,-0.27993950267808115
DOCK8HPV_290,0.13048224941232883,-0.2935470589577392
Pave_372,-0.11368127367112413,-0.23744823851994973
DOCK8HPV_401,0.09754714028523269,-0.2672901870741009
DOCK8HPV_212,0.09153386067708082,-0.29145402741201887
DOCK8HPV_148,0.10640818298771153,-0.3241678101734304
DOCK8HPV_291,0.1064081829877118,-0.32416781017343027
DOCK8HPV_272,0.10994145447024406,-0.30557549643856025
DOCK8HPV_285,0.09518784707379575,-0.32356639971351114
DOCK8HPV_333,0.07999945872814876,-0.33064268961904497
DOCK8HPV_346,0.08437206140926103,-0.28656667398647406
DOCK8HPV_17,0.0787033778387023,-0.3368646646509681
DOCK8HPV_318,0.10317888502643127,-0.30571020045973873
DOCK8HPV_2,0.09404196792933314,-0.33309057347516796
Pave_33,0.09129118860636079,-0.30897312364431306
DOCK8HPV_336,0.07431164971027401,-0.31394131031340483
DOCK8HPV_223,0.08751043724292394,-0.3173357130252929
DOCK8HPV_95,0.08089767910015569,-0.32200005311623037
DOCK8HPV_278,0.05501437867070586,-0.2748237395268263
DOCK8HPV_149,0.05739168943395501,-0.284242095409879
DOCK8HPV_188,0.04923945794341423,-0.25596353988650167
DOCK8HPV_337,0.04373776763749594,-0.256541719215683
DOCK8HPV_310,0.056948255873078085,-0.26661485460356116
DOCK8HPV_264,0.03148530697094196,-0.2493334308589708
DOCK8HPV_370,0.03152342676711119,-0.24874126779577693
DOCK8HPV_135,0.01763655575702436,-0.32526579695259644
DOCK8HPV_338,0.04350741784682387,-0.323852052607557
DOCK8HPV_151,0.030600756612777544,-0.30750072385060956
DOCK8HPV_177,0.02821245162544206,-0.2887765406021192
Pave_45,0.025208989030437674,-0.3110602869281745
Pave_62,0.03304880837349713,-0.3325974134344343
SMGC_7302,0.029661996803097293,-0.32277425701816637
DOCK8HPV_363,0.052244210055044905,-0.33490295543298776
DOCK8HPV_367,0.02469012742313209,-0.27872085565276133
DOCK8HPV_174,0.029287545975415167,-0.2950206051579295
Pave_17,0.040656700914143536,-0.3130743585629965
DOCK8HPV_276,0.0720215299235188,-0.2727294139406238
DOCK8HPV_324,0.05628786318990023,-0.29794239664999783
DOCK8HPV_392,0.05077894369620605,-0.3010682280885701
DOCK8HPV_357,0.04502740918294272,-0.34019484716857273
DOCK8HPV_351,0.1693391320092964,-0.22312055378373657
DOCK8HPV_129,-0.31365305489112283,0.04758978047180923
DOCK8HPV_168,-0.34023960502128786,0.0877720695169549
DOCK8HPV_28,-0.32302528300187205,0.0599518020095912
DOCK8HPV_83,-0.3746993024616,0.13393737974231198
DOCK8HPV_349,-0.3661411247279384,0.12045294563365062
DOCK8HPV_208,-0.33682168385357,-0.21873511811441762
DOCK8HPV_132,-0.353337829086395,-0.2233047703882474
DOCK8HPV_240,-0.36845841171294536,-0.19487620076670792
Pave_39,-0.3618804494128579,-0.20064980104516972
DOCK8HPV_329,-0.3546671423710028,-0.20934686667360744
Pave_35,-0.3436525285964269,-0.2465955830732115
Pave_407,-0.3502922547466889,-0.22877356650464617
Pave_4,-0.3914776591389033,-0.1806531566212372
Pave_408,-0.37595731589974163,-0.19130048129844238
Pave_440,-0.35874066852893854,-0.22165126061432097
DOCK8HPV_274,-0.300471705628093,-0.17652310934523166
Pave_134,-0.31446281309531826,-0.13064276986353698
DOCK8HPV_376,-0.28121096956257224,-0.17736111010729488
Pave_430,-0.2729595615923544,-0.22038366412520194
Pave_61,-0.273102153810462,-0.19547882282371898
Pave_127,-0.25638112357140447,-0.23024774091617273
Pave_20,-0.27069676201551607,-0.24991034577880547
Pave_19,-0.26409779853048193,-0.2698958263243669
Pave_433,-0.2614816519766192,-0.2559356639418436
Pave_101,-0.3194127231299094,-0.16572498746592826
Pave_361,-0.26411382840835923,-0.29065376232266693
Pave_437,-0.25542474605813015,-0.2792782358205556
Pave_366,-0.31360945016004266,-0.15541676215921024
Pave_132,-0.3798070026698318,-0.08526424984951676
Pave_401,-0.3751404238196169,-0.09136017822302658
Pave_21,-0.3787891116760561,-0.07614556785450241
Pave_417,-0.3438002241928237,-0.1311352752421486
Pave_432,-0.34917183062159957,-0.10543234792692772
Pave_22,-0.33708246331354413,-0.12539926328804943
Pave_5,-0.35985828074375636,-0.09345070636312283
Pave_435,-0.3628226348903546,-0.12501660137430434
Pave_133,-0.30180353656756465,-0.25208550366281807
Pave_2,-0.35812092952059005,-0.1489145960414695
Pave_1,-0.30593167787982195,-0.22826020208088688
Pave_359,-0.3205189691578908,-0.14125935903981696
Pave_363,-0.3177064992938617,-0.196557491865536
Pave_429,-0.29070801780345107,-0.22719882987325354
Pave_413,-0.32828726654271123,-0.19761536473597377
Pave_434,-0.2848964620198094,-0.2606606187007568
Pave_13,-0.2926244466205769,-0.3282911062396856
Pave_9,-0.31765478437495764,-0.393934915751368
Pave_364,-0.3596081431428363,-0.08280818028135205
Pave_431,-0.3976149288045962,-0.12428053502272289
Pave_11,-0.31025280172687025,-0.24962109889097206
Pave_412,-0.33864421414146306,-0.17459421771327813
Pave_419,-0.3064307505455016,-0.2021497152594097
Pave_129,-0.3563119447967622,-0.1290386686755581
Pave_416,-0.3677622342068642,-0.12345083863092421
DOCK8HPV_235,-0.3945280624396689,-0.024186259836063356
Pave_18,-0.40766497777854444,-0.025483710123201227
Pave_143,-0.40034768849647645,-0.03328530463268919
Pave_436,-0.3946850415391026,-0.033176325554182144
Pave_370,-0.40324528143663546,-0.03806885416580448
Pave_24,-0.4171567631696655,-0.001189212700217609
Pave_6,-0.4218888550956676,0.003329716911571844
Pave_10,-0.41117180275785753,-0.05863938764365063
Pave_12,-0.3954290448457677,-0.06291852839403704
Pave_8,-0.39728247235603253,-0.11653401384583455
Pave_38,-0.3792823886794676,-0.03970299382013486
Pave_7,-0.39145329440402243,-0.06901120893307719
DOCK8HPV_155,-0.3212895634297222,-0.2750797738653743
Pave_354,-0.4065522576404748,-0.10582360671287304
DOCK8HPV_164,-0.4347978064950302,0.015530894348894205
DOCK8HPV_317,-0.3967072154792796,-0.005896775344654578
Pave_23,-0.4051414821200054,-0.0549084877261387
Pave_3,-0.3888893218604196,-0.00791758731059082
DOCK8HPV_171,-0.18290428260663108,-0.405120123131526
